{
    "0": {
        "precision": 0.9771863117870723,
        "recall": 0.9922779922779923,
        "f1-score": 0.9846743295019157,
        "support": 259.0
    },
    "1": {
        "precision": 0.978494623655914,
        "recall": 0.9927272727272727,
        "f1-score": 0.9855595667870036,
        "support": 275.0
    },
    "2": {
        "precision": 0.9876543209876543,
        "recall": 0.967741935483871,
        "f1-score": 0.9775967413441955,
        "support": 248.0
    },
    "3": {
        "precision": 0.9959514170040485,
        "recall": 0.9879518072289156,
        "f1-score": 0.9919354838709677,
        "support": 249.0
    },
    "4": {
        "precision": 0.9765625,
        "recall": 0.9881422924901185,
        "f1-score": 0.9823182711198428,
        "support": 253.0
    },
    "5": {
        "precision": 0.9908256880733946,
        "recall": 0.9953917050691244,
        "f1-score": 0.993103448275862,
        "support": 217.0
    },
    "6": {
        "precision": 0.9916317991631799,
        "recall": 0.9793388429752066,
        "f1-score": 0.9854469854469855,
        "support": 242.0
    },
    "7": {
        "precision": 0.9659090909090909,
        "recall": 0.9883720930232558,
        "f1-score": 0.9770114942528736,
        "support": 258.0
    },
    "8": {
        "precision": 0.9739130434782609,
        "recall": 0.9696969696969697,
        "f1-score": 0.9718004338394793,
        "support": 231.0
    },
    "9": {
        "precision": 0.9923371647509579,
        "recall": 0.9664179104477612,
        "f1-score": 0.9792060491493384,
        "support": 268.0
    },
    "accuracy": 0.9828,
    "macro avg": {
        "precision": 0.9830465959809574,
        "recall": 0.9828058821420489,
        "f1-score": 0.9828652803588465,
        "support": 2500.0
    },
    "weighted avg": {
        "precision": 0.9829146606231483,
        "recall": 0.9828,
        "f1-score": 0.9827942751192761,
        "support": 2500.0
    }
}