{
    "0": {
        "precision": 0.9655172413793104,
        "recall": 0.9824561403508771,
        "f1-score": 0.9739130434782609,
        "support": 228.0
    },
    "1": {
        "precision": 0.9588607594936709,
        "recall": 0.9837662337662337,
        "f1-score": 0.9711538461538461,
        "support": 308.0
    },
    "2": {
        "precision": 0.9588477366255144,
        "recall": 0.966804979253112,
        "f1-score": 0.9628099173553719,
        "support": 241.0
    },
    "3": {
        "precision": 0.9616858237547893,
        "recall": 0.9691119691119691,
        "f1-score": 0.9653846153846154,
        "support": 259.0
    },
    "4": {
        "precision": 0.952,
        "recall": 0.9794238683127572,
        "f1-score": 0.9655172413793104,
        "support": 243.0
    },
    "5": {
        "precision": 0.966824644549763,
        "recall": 0.966824644549763,
        "f1-score": 0.966824644549763,
        "support": 211.0
    },
    "6": {
        "precision": 0.95703125,
        "recall": 0.9722222222222222,
        "f1-score": 0.9645669291338582,
        "support": 252.0
    },
    "7": {
        "precision": 0.9878542510121457,
        "recall": 0.9207547169811321,
        "f1-score": 0.953125,
        "support": 265.0
    },
    "8": {
        "precision": 0.9570815450643777,
        "recall": 0.948936170212766,
        "f1-score": 0.9529914529914529,
        "support": 235.0
    },
    "9": {
        "precision": 0.9601593625498008,
        "recall": 0.9341085271317829,
        "f1-score": 0.9469548133595285,
        "support": 258.0
    },
    "accuracy": 0.9624,
    "macro avg": {
        "precision": 0.9625862614429372,
        "recall": 0.9624409471892615,
        "f1-score": 0.9623241503786006,
        "support": 2500.0
    },
    "weighted avg": {
        "precision": 0.9626202031935874,
        "recall": 0.9624,
        "f1-score": 0.962310551236937,
        "support": 2500.0
    }
}